"lm","nn_size10","nn_size6","2nn","7nn","bag_knn","bag_tree","bag_nn"
2.96770655653598,1.74934050243062,2.18651274972945,2.04845887453962,1.18014656318667,0.723685828965244,1.34248775009341,2.57378373318887
-0.843297752949248,-2.09089678057413,-2.87601134993039,0.614667907484683,-0.108365780201875,-0.745639916008814,0.017731442344292,-1.03493244395985
-0.284752360359473,-0.202929753583128,-0.0995711444705095,-0.356101151085592,0.280086245270167,0.289377331221173,0.0963614237501536,-0.355261395505544
-0.489923806593467,-1.31694702153751,-1.05801692100258,-0.651653310558539,-0.592419077688483,-0.758933731865206,-1.06467810664096,-0.446477753423561
-2.95293115296459,-2.12079419072798,-4.893441540684,-3.14313672856396,-1.61983350742215,-1.25865360294999,-3.06004249231037,-2.8974254951773
-1.11458150060344,-1.28778471316128,-1.09967794980657,0.046819607404047,-0.0406724219680536,-0.306886365354886,-3.17341781366707,-0.747885597948458
-0.108405520583703,2.14972604029088,1.42383142845247,-2.77796024060504,-0.498711974334454,-0.447561877717189,-3.09750562208721,0.207622773265729
-0.37593028112234,-1.39242678009513,-0.510518745883551,-0.017775286597014,0.38722366752235,0.31842706565239,-3.17697199039368,-0.204378462155158
-1.75730295357426,-2.18807195965028,-0.74268387254878,0.0669319306300844,0.170413490461761,-0.040631192275564,0.0328674667538645,-1.79759741383618
-2.32718930392291,-2.80371074069287,-0.714099143036473,-1.32541636378927,-1.72967333617556,-1.24438479688234,-3.12024415840626,-2.23417522635836
-0.834498335436277,-0.276015292112523,-2.29136704614736,0.857483361815962,0.469975270606515,-0.377903508298653,-0.432879076978235,-0.645867301166971
-2.97376800656762,-2.23933043374405,-2.05864083027368,-1.38859611251016,-0.812973323410492,-0.347143472490855,-3.03348303586934,-2.7513424482238
-0.105022562881207,0.347964442068134,-0.163911604248888,0.822807396316616,0.661164158708436,0.415214714458701,0.313221228232324,-0.214703863623753
1.5649788737956,0.516484829790732,-0.224752930656217,0.750144477844189,0.372396331719122,0.117568347192529,0.959645709891759,1.51979627849409
-1.87570690404471,0.628340273739382,-2.29521442494383,-1.5904669291729,-1.33959544493523,-1.21103208439995,-0.864670182851186,-1.74516278797243
-0.327941021701381,-2.9423466022402,0.750077770742966,1.06584987015251,0.213161429467143,-0.0288610378934425,-0.265529238114781,-0.705908469430482
1.76293662774475,0.190613251362217,0.608311349289285,-0.00216593344347948,-0.427340211443748,0.218644322763315,0.350715893451189,1.48123086802731
-0.355229886817061,1.0408070863886,0.100715165704081,-1.10734060043602,1.31778942832863,0.961765987366693,-3.17943180077187,-0.546210854506773
-0.501788161159267,-0.616856729324401,-0.512544534093546,-0.192251749920672,-0.454254980042006,-0.212934350823457,-0.947241496466992,-0.581271748918788
-0.363902745091953,-0.801660240480218,0.190354392790157,-0.11663031975321,-0.0429529369536194,-0.249204957964258,0.0462309516464953,-0.33480390504127
0.216319185478735,0.450680847625331,-0.282254167509855,1.25819726274863,-0.493457740358809,-0.0523134546307381,-0.446567871837531,0.0904788617507822
2.42701410225853,2.37370341430249,3.71649259797673,1.55606646735245,0.268139745794485,0.573917291026188,1.29542895119178,2.32986369380933
-1.35065443300608,-2.42880666910536,-3.50435248215777,0.927723198019257,1.12635246085796,0.735226450934357,0.661291949371542,-1.4055611876935
0.325964760902853,-1.3022100811216,-1.46437246719821,0.108361375657815,0.017613613270945,0.204705985207169,0.930678926983771,0.433545648850964
3.19498202284795,2.83843432499545,1.72271319468151,0.826771537936071,1.03376718853985,1.36994152489736,1.08225367753335,2.25013541676207
-0.765418065779659,-1.10035097865705,-0.19196510351578,-0.9235662865882,-0.429375114669203,-0.581562326833722,0.804828171048822,-0.86271660198389
-0.256198020218424,-0.776809921646769,0.40161346694179,-1.04856935315525,-0.332838170158998,-0.119814639502707,-0.294483851831379,-0.0465550326090498
2.73794036675724,1.79450379023311,0.943242426261834,2.80327785944443,1.83832935072427,1.74133583809152,1.26087926958512,2.14330581702286
-0.963595362440706,-0.371758211128552,-1.78798267682323,-0.666338588461356,0.163860582038883,-0.377555854092905,0.0584137376541665,-1.10552768932079
-0.665566478565368,-0.634678151917915,0.113101578847918,-0.192251749920672,0.0103830944033356,0.303314829937817,0.103520551696694,-0.443575842869803
-0.304839365056827,-0.620810546691354,1.22777219468691,0.963223998310372,0.527767724445283,0.363715013331197,1.13030453347741,-0.0530380772923432
0.403564145226454,-0.200590333455522,-1.46171755078112,-1.57044604797967,-0.889018952269479,-0.322504229572286,0.986508981743739,0.749182681863821
1.32545216667191,0.157051022131657,1.39269592970067,0.502198724885657,0.908029480618168,1.06050772212891,1.11087484583265,1.69691665189496
-1.81711980028639,-0.954204459349719,-2.93437962743087,0.53610420453329,0.0765251796783317,-0.198955092037178,-0.622949992100397,-1.68650298634423
4.10524631431623,1.27689478681846,1.83091988108851,0.962810516598831,1.33373367606422,1.13866991007374,1.13393539657344,2.57552212789542
1.75535839411912,2.57835757847844,0.949589021947589,1.34386967739688,1.37517477092047,0.987632591537933,0.228848200819142,1.65738680777143
-0.729757782440876,-1.61974328316477,-0.52337896153045,-2.35423177201554,-1.21098898522732,-0.998032566136039,0.0644376133101719,-0.711722983935804
0.729200102824092,1.51754081342554,1.1489314582778,0.14238214494594,0.254445261216023,0.258390886415854,0.187325322386874,0.559596226750053
2.0848039853734,0.522018995421502,0.872573439665289,0.49005402407746,1.23203912330586,0.770017214143066,1.1205561945839,1.9763792519762
-3.60171258673464,-3.60873330193859,-2.91905611134835,-1.19129042586896,-1.54573747826961,-1.32810561313861,-1.10885305167039,-3.08166483883744
-0.690794958762823,-0.318687442853245,0.294425395883259,0.314864207922902,-0.0191750955898452,-0.229556643864934,-3.15304823254941,-0.822596407129432
-1.63539589237548,-2.94509827808936,-1.8645465488872,-1.53639712265668,-0.373725895287371,-0.778545478677348,0.0478600377393765,-1.32212569339073
-1.82767243054484,-1.02612634111807,-1.76576477457827,-0.00194306307709251,0.481894133066019,0.271458674565046,-0.783546537131253,-1.62212146362051
-0.221708963585229,-0.867132736480738,0.60980839603731,0.498023769456894,0.377286119322084,0.209500516903774,0.759063365329216,-0.219660899924035
-0.6721765656352,-1.14040574565556,-0.80061210850706,-1.11225414340684,-0.700438129997003,-0.915912979603035,0.774739677094197,-0.671168528889058
-1.02344917341619,-3.21293273963899,-0.294736532991768,0.130715095923994,-0.381995211218339,-0.238145090404925,0.174512020995155,-1.110087464723
-2.4195294110241,-1.61374149936658,-0.83682731648002,-2.65054795817388,-0.707816844314115,-0.787941861249986,-3.07608097879354,-2.12532702267786
-0.826813120324035,-0.188553096336383,1.60947899403713,0.081661071268924,-1.25410944700283,-0.525044226933478,0.0126931523380286,-0.783441963966706
-1.21175688788895,-1.61316910727847,-0.930286042926024,-0.376931958895851,-0.303110828332709,-0.377154848073006,0.228557543102576,-1.50005044939425
-1.38505137889046,-1.48127965582476,-0.793026008428472,-1.07992891542983,-0.309296677457259,-0.466951150214882,-0.247196327150508,-1.30557292912566
1.67628620718345,1.80370436599813,0.126462492420829,0.371160113142834,0.445585303389512,0.589148149625769,1.04989928200997,1.66076269275025
-1.07208209035787,-3.1672108667956,-0.759096414465475,-0.326042664272646,-0.791969134997296,-0.935352902030216,-1.10629530970933,-1.15022404202556
-0.0957802829250429,-0.910473004517732,1.50524007598718,0.928511206826891,1.10723563515365,0.984326064372089,0.469877414267445,-0.190478181807398
-2.09376468497899,-1.94022323051659,-2.10167934786617,-2.28945689403904,-0.939035025540192,-0.762956456407616,-0.98219800633158,-2.24774186827691
0.380410767568817,-0.396023292982224,1.20830165927586,1.40536172535414,0.503713800211562,0.522704148472153,-0.902037800422932,0.640745375132378
2.0042909722134,2.21667755671203,2.54628689100305,1.12759740824904,0.647865502178205,0.587617099456779,1.31728014623187,2.29232136934706
-0.923225347606253,0.363845351178102,-1.21328900060211,-1.06852162873293,0.0228484068252475,-0.273184106067632,-0.847265038353268,-0.728869307060383
0.223129931026619,-0.207774044022094,-1.74929197792567,1.83193615587502,1.30850405166493,0.277232740508239,-0.019361511379467,0.603902557097606
-1.43513597537652,-0.128620943527275,-1.80281500082681,-1.45218156590155,-0.632997441322362,-0.475637763685527,-1.09863833095898,-1.30660600557621
-1.25406460222696,0.189388469100969,-2.39555167313307,-1.0490712500164,-1.02553882310848,-1.07080302717319,-0.887622628299288,-0.96904110490252
-0.195688867229545,0.156468151249803,-0.981017014551902,0.42136346030963,-0.484667821382616,-0.0392666577530456,-0.157686821219596,-0.264128867427809
0.452780509805524,-1.07512096285548,-0.611713174424729,0.736793412998831,0.453983792461567,0.254596522528671,0.490902287944802,0.768039754933969
-1.81376052386194,-0.624791042477979,-1.1845134338121,-2.30700074696585,-0.469088346501671,-0.0102233580553961,-2.53494703518322,-1.71059532816833
-2.00986924775066,-2.27264984499146,-2.18732175031904,-1.66219579560702,-0.760901385059261,-0.702644649574912,0.143290983099891,-2.28798825298552
0.651318727838722,-0.0129642996540951,-0.0781495952800319,0.65901087241566,0.223803555931512,0.930376535632706,0.356243256994403,0.807735716983951
2.37297219178226,3.84049731589982,1.51466208664817,2.41469759904207,0.751417622091963,1.11498924557839,0.978403734074002,2.35778073529479
-0.0948124945584011,-0.135607692137766,-0.706986735726157,1.85671719501621,-0.0148538575558443,0.444783364048855,-0.594527149039093,-0.256562572928398
3.11290287616601,1.74284510810749,3.40392132018772,1.53023894929215,1.83884454776245,1.19810905540467,1.40852738542467,2.33344692067753
1.44943373892614,1.45564660065731,-1.33772371667267,0.688206833647947,-0.563378833315245,0.209195928781783,0.313184767464989,1.2923446380298
0.516964880662514,1.59688058826314,-0.585676587901147,0.315931785590755,-0.112153878722014,-0.238471797688741,1.11324770553887,0.712662393367324
2.13309946550368,2.6680189679475,2.87333909173184,1.64602952773182,1.3741159063558,1.15786297958707,-0.396358848680189,1.73037751084813
1.83400063687793,2.65519902191941,2.24313396075519,-0.188681932883411,0.644477910741962,0.108342843222619,1.27883321136053,2.05616570830901
0.0986959323071303,-1.43675718885612,1.42892713694585,0.629601842563369,0.342683655462596,-0.265605545935972,0.0802264999807465,-0.00271142971683852
0.0457676704178691,-0.0885171566924288,-1.01918435118332,0.01339213382836,-0.0211156480828759,-0.12504445165151,0.377603657732184,0.127752182712395
-1.02406033958646,-0.613146125007573,2.23492408056727,-1.99713562237821,-0.851853637513086,-1.16138223856671,0.702040764030216,-0.916473737265942
-0.21542187922879,-0.0411819064860992,-0.89595589425961,-0.724121932452765,0.397265493748481,0.303012740543782,0.134827724905285,-0.146964594884997
-1.15035480863585,-1.77270091139538,-2.26894669342786,0.80178956452739,-0.235684573918549,-0.344086767549754,-0.82301145685211,-0.660451106284054
-0.391908953953089,-0.650319989322626,-0.589845131313886,-0.932054651775708,-0.225365589500536,-0.592589538480257,0.23806221895315,-0.409444781481746
0.0103055866187512,-0.597721516577417,-1.36509781706799,1.03027153815005,-0.361906721253197,-0.379741520496826,0.393538927620918,-0.280483138891128
1.70217981130768,1.85246275458238,1.16309631845716,0.19508017095422,0.30929080749704,0.466831406385283,1.04039553385441,1.64871754999454
0.81304038377588,1.16129402359551,0.159857263333945,-1.01672527987108,-0.567130491335486,-0.242404502795981,1.11365638991274,0.887963048074329
2.76933113767809,3.56623820246267,2.49744426373506,1.72952911149766,1.78844092981462,1.73914777967073,1.42685257468562,2.26876753505959
0.296887393690859,2.17863691209176,0.913099898336572,-1.20655959151671,0.0440511319651305,0.0336567831973441,0.779130524473227,0.513159980133191
-2.14746181611887,-0.924417205091221,-1.74901872505539,0.132898215566196,-0.175258700379823,-0.314194601474074,-3.13047120047508,-2.1423634197709
-1.59676696446195,-2.90250034840262,-1.95967234197662,-0.541748795148784,0.075416263845192,0.000372088766456479,-1.22961902967618,-1.45343208080452
-2.09046090006781,-1.11731614323884,-2.39651471540346,-1.02878238635521,0.348385990028753,0.328292457628359,-1.33297368287185,-2.08267516410928
-1.21605999396625,-0.107885084781546,-3.32501588765532,1.1465119105698,-0.157993295910295,-0.559126064860488,0.214120652645627,-1.37315600746901
2.20029085808705,1.94910300176502,1.74029184239219,1.29060768831488,0.46481375413408,0.312886400513098,1.14416017830604,1.728005344293
1.03056209086406,-0.497997191599234,0.84417147272161,1.35530683486008,1.26315011731782,1.33719174712003,-0.403506328576974,0.988475729319908
-0.856388654690682,-3.10712655121986,-0.452661032861908,-0.435951174277875,-0.679457677615904,-0.165492410063299,-0.428959880947827,-0.794380695503741
-0.0639493103607002,0.613945652494355,-0.307739481185195,1.5309197291537,0.305444527000376,0.897703707335781,0.717891748662291,0.0427299300834767
-0.514279608783406,-1.48556895183898,-0.190468978386714,-0.580657431034202,-0.251443344645206,-0.856546795290185,0.28924114866179,-0.579929351715923
-0.10527195384905,1.67472676845032,-1.46278512076091,-0.280758045109437,0.296300213912227,0.193677281125273,-0.188435585438733,-0.275185141382042
-1.60932192747382,-1.97581923523557,-1.1002107891656,-0.377492949380408,-0.993875308022764,-0.279031508093227,-0.502791591294643,-1.61771831700722
-0.0158226526806579,-1.48507562112878,-0.413691360302037,0.02777732687544,0.0398516533318391,-0.306121924637036,0.27424030797274,0.385374789638067
0.141440196250573,-1.26478196173124,2.57377110795645,0.214640967941656,-0.573468108977924,0.544768165428073,-0.987872167068304,0.00805808342779467
0.451220430810163,-0.759158072008798,0.74535602980284,-1.50848783233456,0.266708289598319,0.41942490291432,0.19789160052972,0.663862988536338
1.23472217256019,0.523115256566432,1.86053689905007,-1.43533911823906,1.31924353229735,0.716520941225583,1.18218619620767,1.42540239000514
-0.387888043160655,-0.100351450445464,-0.179546795032198,0.42136346030963,0.464354725922934,0.521811871161956,0.19802045922011,-0.213457313276562
-1.03603425153992,-0.851018874984514,-1.07212867838297,-0.947172173555538,-0.611419556085632,-0.528459178991855,0.324094833290756,-1.17667248233573
1.92117724841917,1.23567322122607,1.71342993973713,2.14120307449492,0.859180120404499,1.25547314039588,1.00972332375284,1.79389425088254
-1.4976187231757,-2.05682362693447,-1.39866111970921,-1.10189511703657,-0.382462816766142,-0.569098956288914,-1.39247465894715,-1.53416550035116
-2.98407074863168,-3.97348245301818,-3.07750628893978,-1.40473527508798,-0.582096175256748,-0.608719922822666,-2.53735825332707,-2.78212329446813
1.56762407865635,-0.0583781315736556,1.93321270344566,1.61591807841602,0.819066056271581,0.14719886150802,1.02006992751194,1.46845255117284
1.04175963922984,0.451791233005502,2.29178917724078,0.269026900498344,1.1307956319089,0.427489281582204,0.907113846795837,1.36825497163235
-0.59896255024493,-0.214545036613165,0.508107202768677,-0.410385565562298,-0.122753243074434,-0.0130726546213626,0.289497027469259,-0.602900038859305
-0.743392442270211,0.498532532684646,0.532593692835564,0.63492129808759,-0.0446615411839529,0.233044483820354,-1.10267983902807,-0.976008793444919
2.23206461148022,0.22560932939321,0.61753623979925,0.961893479148883,0.395944263890092,0.996314942027834,0.662831675723614,1.77393309989075
-0.3744117654947,-1.04696175518244,-0.0288561071724418,-1.64116472976157,-1.04955939129476,-1.02443952235816,-0.278112008364486,-0.642675000245086
1.39510745863702,0.309276227674282,1.48792045418959,-0.28387874829878,1.24751583842646,0.991588982657949,0.836096533744213,1.25807909247063
0.424758378403747,-0.939073754161119,-0.314259480408013,1.03956560324218,0.279967736848082,0.125694693522485,0.160558761147534,0.605582472582796
1.5905781563933,1.26824898723093,0.526186141501028,0.591088030064699,0.317151717117611,0.520932664281516,0.375057048027081,1.32709185767827
-1.44856854373379,-2.59963019736036,-2.37417373376842,-1.04692197632946,0.458241133077484,0.0266616961971182,-0.014346355374165,-1.63714915689696
-0.0756418445966915,2.445527994142,-1.83742313342929,-0.670026080758816,0.290340335330114,0.126615571105413,0.789496232931731,-0.271068786258903
2.45343710763258,1.51605433730598,1.6971095964668,-0.295406662010911,0.592856770454446,0.63867072143194,0.628911829675647,2.03566578040072
1.75599224877056,1.86366589072445,1.28231334095555,0.33726982675175,0.48564481710895,0.101762533697728,0.186810983483067,1.87581492566185
-1.28129899581354,-0.4802390839546,-1.72505169725732,-0.836376316302065,-0.154186614211869,-0.258781112271368,-0.446737285713725,-1.03738471602388
-0.134714470827678,0.622434957811302,0.348207301768617,-0.655055903675999,0.213624834864055,0.232742178400993,0.157944156347767,0.049334614239675
0.667147284355063,-1.02537328302141,2.02213767879209,0.159048885518899,-0.782805530726097,-0.566120134470288,0.348082906377382,0.724225182156021
2.78568556139728,3.67097171044991,2.94050229103706,1.78188824499775,1.01848083341897,0.928928898948956,1.01788508219055,2.27682201059191
-0.947522519970182,-0.978348465977164,-1.36771543133088,-0.498608911577146,-0.618668967024952,-0.529815884928759,-0.606337608571768,-0.808297568972646
-0.521649535688049,0.512823381300502,0.969837508572259,-1.8610212095751,-0.821395819478978,-0.799625662618454,-1.31353619773364,-0.451721411068456
1.3952687769006,1.30860448027161,2.25790388736199,1.14978705525037,0.411962280490328,0.726046576278469,0.848714076207443,1.17636140105831
-0.723242692273356,-0.576982507603414,0.171767346793386,0.439830844434668,-0.499221704525911,-0.662174558645948,0.627585890966022,-0.718845223802185
-1.79891986041852,-2.07218142607685,-2.60234637776277,-1.633397156277,-0.46255131154289,-0.514447434227011,0.0327602256667495,-1.70021988644199
-1.28890469383929,-3.22074208671478,-2.17081548635766,-0.947172173555538,-0.935556189926775,-0.723368324579752,0.723423017872346,-1.30352877898079
2.34210941431083,0.759864306900432,2.40035073118584,0.70171685973078,1.21175659414229,1.41944639588229,1.0511804013205,1.82706864744193
1.90489417186302,2.87222900734301,1.71998304914756,0.896508167360335,1.15220593293341,0.9313767253692,1.25207603952405,1.63692365292505
-0.523144333848003,-1.71979822825625,-1.54409941994261,-0.88990647063537,-1.44263593528485,-1.28891220974526,0.367436723587986,-0.524088986448039
-0.289249639613249,0.304117659408041,0.4986396683173,-0.593914743448066,-0.00809428770094789,-0.0109556778707387,0.176926072152969,-0.407770813500977
0.435392680864621,-0.960154113683623,2.9805281774087,0.20488500378088,-0.845576200841026,0.0220788158688914,1.24577286635752,1.03726984020777
-0.427431092100402,-0.879148791996796,-1.15850754721609,-0.837923049829724,-0.747025830753545,-0.274750772214001,0.737144366684138,-0.20460496150363
-1.3902753955812,-0.393553927185629,-1.36572213278937,-0.00841501914859299,-0.0128865376395739,0.0644140354267415,0.089596668283951,-1.64467620268436
-0.129261323594955,-0.247724556420202,0.266540671466192,0.513660185985565,1.571106647036,1.3728472442584,-0.237639177818439,-0.0865645880076672
0.83135714217157,2.09687867074415,1.36328234617721,1.10690466094381,-1.00291698990158,-0.783450314907479,1.06749800542232,1.16932935279285
-2.07916296606852,-1.60724527872995,-2.15962706304009,-0.790756966483708,-1.47895057613446,-1.4971515142238,-0.272130095986138,-1.84709499562464
1.21448616085919,3.42516607674855,1.16306478139482,1.70651631290588,0.236743992958725,-0.289810033653309,0.737929355710394,1.36171488901313
1.57988163792094,1.72961450777683,1.61853153282632,1.8037248583827,0.268462187584374,0.533956277335129,0.238564742332256,1.55412137319319
-2.946537715702,-3.35837076139327,-3.9334825624317,-2.8248535999885,-1.17427599186704,-0.308825929040893,-2.43948596992575,-2.94752349174682
1.41580830583359,1.45884245693185,-0.29640019481842,1.87059158695679,0.223628427003724,-0.132300502987866,1.12858799135098,1.30168620027282
-0.701896299691002,-2.50959787083443,-1.52649507308305,-0.664872698109872,0.0411508339417414,-0.545325058291273,-0.802367286459075,-0.880125515428332
3.14347590737451,1.68119186017176,3.83933325541417,0.790184143811143,1.07313685893066,1.62999075166266,0.931309153240148,2.14741227916518
-1.55057943362995,-2.21050768941197,-0.627901783829282,-0.423151164282123,-0.38022613160596,-0.405063344514699,-1.11909552286347,-1.37958237774482
-0.99373018548616,-2.69359579483321,-1.32913247037134,0.147612074427138,-0.410224324373903,0.0194122460649912,-0.113619906178014,-0.876229233851768
-0.145243636839114,0.100642253119894,-1.44356841763332,0.047488172518749,1.65261609872029,1.32054461928421,0.827102236842238,0.055333441987231
0.742611967466906,-0.0409541574391906,-1.19375948862919,0.0878132686641635,-0.639893959420794,-0.683351234882802,1.32116917364352,0.86377914017528
0.830679374421892,0.780602875416718,1.12418543887432,-0.126003790547441,0.475158437773007,0.22376847503124,0.184439873175784,0.983933075339504
0.422683009032292,-0.509077663100732,-0.0874995334550253,1.06453362811618,0.79985289872505,0.520549794081972,0.117213804811325,0.360797602100262
-1.40846784831113,-0.24396755444167,0.196729775346149,-0.220010936407694,-0.258485371058679,-0.965532998328062,-0.556997028475216,-1.18026794639737
-1.3251725655065,-0.983217510184827,0.566709194856926,-0.26498518688639,0.884705194977854,0.584036156754295,-1.0569356508155,-1.0424827307696
-0.770752732936037,-1.23054547857459,-0.982342022435126,0.669813677792017,0.331892276429625,0.353162333382507,1.15410183309238,-0.923598653725681
0.696802728783988,2.67005900196318,1.24809207810329,-1.367283875764,0.161246517994014,-0.349822311308305,0.0353743698522706,0.605770861138385
-2.3789353487464,-2.10345869650095,-1.62040755276658,-0.483987626946602,-0.313909863159678,-0.379400413248351,-1.11223473884265,-2.13024868425581
-0.124595831245679,0.961329175066737,-0.776147417428965,-1.04588436577761,-0.0495676066141599,-0.245716359857744,0.165925514779624,-0.0676418881238863
-0.276498149293346,0.755633044175932,-0.0778611924233389,0.321440127631921,-0.257111559038565,0.0806084123939774,-0.00815367246033253,-0.0520253931776488
1.08872596054234,-0.338095150545342,1.15531906596599,-0.127012415127629,0.949021634858913,0.181529789478351,0.164365509813788,1.32650902695719
2.6104203826886,4.25963954188461,3.18393227587571,2.10110406047716,1.20512438412987,1.64612393876689,0.902962598319735,2.21142858426069
1.37011894611308,1.83966265439421,1.5146818767942,1.43382102995969,1.16736386484823,0.799562331600254,0.666809022125505,1.67312441993918
0.664132407389411,0.126266445223959,0.245174358146696,0.483171392421862,0.543041830913088,0.614223600475519,-1.2051670714691,0.786234960747919
-0.798620929792939,-0.797290401753541,0.259163019368038,-1.24502969969429,-0.632420764076738,-0.889926599803925,0.223857206548065,-0.802955343092825
-1.23768500854769,-0.130237769645159,-1.99282393189931,-0.463012571231038,-0.690147725801779,-0.214653746145194,-0.132052880197317,-1.10320254103589
3.295932159066,4.26094152398201,3.25706718408003,0.14238214494594,1.00141072591634,0.857014195621638,0.830484502596909,2.62725677988518
0.159762251310729,-2.15582020096331,0.113226479162378,-0.765254457142361,-0.731638325792782,-0.342045392864752,0.123623384718974,-0.121517599848845
1.3720248862875,2.79471278393228,0.829421159738241,2.21696967839654,1.32572616309168,1.658538113209,0.822168470820461,1.7171347408369
0.14927008954426,1.17808190183881,1.0258826658888,-0.119146956862645,0.195749212749206,-0.0346818533027722,0.185199497387661,0.427598577117192
0.414869587319116,1.59307932087754,-0.20297966645492,-0.290421836438915,-0.156191127393601,-0.120064818360309,0.602799277389877,0.91753712795766
0.94731515510783,1.00241722318414,1.52413122902225,1.52672088457043,1.13432706759215,0.720279774354783,1.41577301030028,1.20679145974916
-0.48937123792167,1.96767472071431,0.622011554351774,-0.0267540042785,0.169554289602734,-0.278777077341153,-1.04191564011331,-0.255957510013966
2.99105317203028,2.58856509189357,2.95578603025054,2.89401957812247,2.13741710879653,1.7394941331324,0.650723967396386,2.28510286455856
0.770900184257061,2.96824438642954,1.94989325419293,-0.571213411483805,0.733468010172966,1.03292911542206,0.145471286772044,1.01080477418792
-0.942057723321801,-0.394270768498438,-1.44762192321066,-1.29687118953867,-0.413038161521553,-0.552691962420934,-0.274119644947121,-0.975124367353524
-1.39216222412632,-0.720524945962424,-0.734729752098535,-0.0491269006163549,-1.02671570005591,-0.574051799269469,-2.3975664922641,-0.975468057249867
-2.17596049717985,-2.79967647700951,-2.39797540707001,-0.870322279642199,-0.489982978293412,-0.809467506931156,-3.05180511417043,-2.40925760949316
-2.62346518347224,-2.2087033725808,-2.77055100282093,-2.27770173633227,-1.93799866341571,-1.16949858463227,-0.429515964321651,-2.46446363787051
0.198196571441363,2.1455523884355,1.89526925928421,-1.51866292393937,-0.395986511505274,-0.214933573838094,0.777410266802121,0.571286559082375
0.806830599180516,1.11101131021635,-1.293230201475,-0.6879190865445,0.114613508762058,0.115846076017828,0.389805172004901,0.775472888704214
-1.66578734993683,-2.60284121719687,-2.22000094110418,-3.69139711167584,-1.86542837267453,-1.31709193354975,-0.0119997653039621,-1.74347934918178
1.04691795431761,-0.541862003441716,-0.0255779426711656,0.43862741927716,0.170404595476994,0.152586227924916,0.288523830628007,0.799596554840297
-1.11676783155429,-2.46361957317309,-1.0021571104864,-0.526474643801519,-0.0519254009998902,0.0270890472207815,-0.920634067689361,-1.14873760364051
-0.189380805148448,1.69542551036067,-0.84302772048149,-0.21074540011011,0.291496433069679,0.387016653286855,1.0520299377104,0.107280987101803
0.103462577945113,0.568353148740243,0.326918917040647,-0.34588205933856,-0.666313109120618,-0.112867463737358,1.15913954124385,0.644820260020979
0.395629258306953,-0.86886067232553,0.37202118811806,0.665987011436334,0.219320966688268,-0.171279185482044,0.407124290860762,0.472962249168359
1.35787730096918,3.35605087944031,1.6823682718349,0.670219569885248,0.407765699618231,0.625611096391763,0.116954341836656,1.44331115551
-1.48862200234754,-0.970487889594438,-2.93652880761711,-1.09430409478454,-0.840201773768102,-0.924220524886927,0.0403558202722828,-1.56094981241921
-2.43311310276579,-2.32312106933201,-1.94379102939358,0.214939755870874,-0.724951709764175,-0.635505855316577,-1.07050451144587,-2.16197801394225
-1.14692553867208,-0.887038328734464,-1.27759522643624,1.35593889034716,-0.101754912184873,-0.479125574760792,0.67919953933761,-1.67693909290822
1.8043999857646,2.0475864610032,1.69707045300358,1.10690466094381,0.299275186349698,0.376309137396554,0.974617667494071,1.78643807291234
1.08140367720475,-0.28802683681075,0.933970725119649,-0.043115968199999,0.316154706772748,0.743434453850365,0.977173546414126,0.824661488529825
3.12035986398389,2.37123594008737,2.79088485827789,1.11235774269159,1.17285814546277,1.20788858470488,1.00566852603617,2.43270726607028
1.78660342862075,0.801756341825408,1.97574547486227,1.26434612190673,0.659036944679852,0.620972745056449,1.01081441568218,1.84127953455237
1.55218803462905,3.06331924744313,3.10005514824409,0.932997545631222,1.39604506908124,0.884188083853797,0.215710645199109,1.53266125512965
0.518229161394593,2.56484173765675,-0.00679540233193388,-0.776919327881022,0.264032066028877,-0.195233823443734,0.110789271472588,0.317289333025185
2.17040081142008,1.17763173469553,1.70884268698461,-0.800905623595484,0.0904152340919641,0.16259601260434,0.359931312320507,1.94920761268864
0.378924156850403,-0.812786258371557,-0.0436649764004866,2.23250016842558,0.315735572953234,0.526237284063888,0.352752632735724,0.611272467108976
2.51034458060142,2.36791631730768,2.62163910261482,1.08817060237081,1.58747761647107,0.812665207656915,0.380975910874892,1.89233580306279
1.33491366563408,1.34293027140179,2.33193200876052,1.45408553952952,1.04249322045695,0.733231115151594,1.35374705848274,1.30213026021091
-0.0538527522308572,0.179890490431278,-0.936006473101168,-0.982083242304264,-0.285064797565361,-0.044770925641778,0.201301776013879,-0.180367258734462
-0.493096312610406,-0.504347949104006,-0.95766869451216,0.528441506123635,-0.107099519321592,0.371427419693763,-1.26898184024586,-0.572260547813371
0.409013006909767,1.77884515139507,1.09558878221561,-1.32422375189992,0.134082787577197,0.0625188575805292,0.0901787369013012,0.815889430369069
0.766079036007109,-1.02062097635738,-0.485687286914258,-0.800905623595484,0.798615846220973,0.208882078612427,0.339951951556865,0.732583707202383
-0.909308582170985,-1.78477352980416,0.421876174115175,-1.95936709717533,-0.394561363990438,-0.417640773428048,-3.0157015307879,-0.992028796404766
-2.71570884338193,-1.26262274860773,-2.64869290668087,-1.1525306427167,-1.43843921653049,-1.28487480983272,-0.787122516504416,-2.43628417131913
-0.874798369210394,0.917317522415508,-1.81648530594023,1.33635502745401,0.320894937521408,-0.0794349543885589,-0.0525782611631554,-0.883953523246693
0.257361886654202,-0.0636619984318527,1.22705392341312,-1.56425238967636,-0.0330629584267044,-0.193831955192416,1.22577133151651,0.463006897400789
2.28016861354411,1.60471125974359,1.81920808768004,2.00332503525648,0.629899133896558,0.272934644837897,1.21370550131247,1.99653575939761
-0.139061711409926,-0.445316674295549,0.807589931022666,-1.95829744856436,-0.170618300213141,-0.569416351207711,0.143806612032346,-0.369381970497357
-0.270524503174753,0.647243383867523,0.831599305469709,-1.01644846482968,-0.748911972909458,-0.525889764783814,-0.261757610306179,-0.467094798919795
0.916346128391548,0.121605821763942,0.844575467780663,1.6041382451548,0.0376198963727461,0.208629807053625,0.888782808091021,0.524794225487858
-0.969142942181636,-0.73297781472509,-0.294024398740434,-0.672798189138427,-0.943040795687848,-0.634756842556875,0.176998993602189,-1.23115281158894
-1.81586867145343,0.125625207649318,-2.68575587540002,0.282835681249871,-1.01794834325724,-0.197291637608909,-2.56863404902951,-1.75650165935483
-0.511253019094447,-1.30900248772898,1.31554037714278,1.27127047147892,0.800980749558757,0.419092554492635,0.160014506451261,-0.230213685553963
0.0750061852031925,-1.85866887930607,2.06024769953073,-0.324816850157173,-0.46267559756829,-0.435035693604837,0.512182535537438,0.234030785231404
-0.65996672842694,-1.00325262961496,0.571639380899696,0.699187736071382,0.191202324187085,-0.0879014641825744,0.0349873762066247,-0.395136051467917
-0.707138465346365,-1.4706692832532,-0.390056914488835,0.712215330243727,-0.169521460706139,-0.194349206143459,0.715023169035895,-0.506563086024238
-2.12224472826953,-1.12873896010522,-1.75307391687439,-1.64896050410609,-1.43723889871767,-1.24157765713143,-1.29141264949933,-1.96345876872482
-0.789537813923318,0.603116090305332,-2.05669247910449,-0.271694606596068,-0.758359628961911,-0.805676796049517,-0.531197143014706,-0.712046060820342
-2.00139018864808,-1.38491983822133,-0.713715182136562,-1.00318263774293,-1.39593505466971,-1.44843868845734,-1.22499985588458,-2.10019466662237
-0.342261737980851,0.364015891750998,-0.760047700331878,1.06988186337316,-0.125527870977032,0.245459567476241,1.2678833903753,-0.0815301533041734
-0.566984207436957,1.31606821596501,0.518678601519557,-2.82062955913903,-0.248044128626099,-0.193766413809889,-3.0184845876622,-0.394201895274068
-0.804339053731804,-3.00091307130759,-1.08939597470571,-0.587731124044547,0.157164979513382,-0.18488860734294,-1.12878183828113,-0.936405937997012
1.6317400733821,1.77444332082113,1.24402457493358,2.04411570673304,1.65652447374593,1.8438399063935,1.41758690249366,1.78570208941246
0.502672603418216,-0.184831547663029,2.0343036308367,-2.99475803866133,0.161252164161155,0.12606736185713,0.432991145918098,0.994534092045007
-0.561794648278483,-0.202207539457431,0.998598369771932,0.209356601764273,-0.392427896643619,-0.185223823370525,0.87781436992205,-0.554355723468979
-1.06553663801854,0.057979599101045,0.119437934764334,-2.74460306573147,-0.842965626803946,-0.409335484627738,-0.228160206287283,-0.99876491416882
2.06762447002827,2.40839990801998,2.84405154951103,-0.723054237421591,0.488937285216476,0.678068232271833,0.868711245771742,1.94505613877905
-3.04074728750798,-2.64028038537861,-2.93549133505078,-3.16856965254291,-1.18350752038186,-0.463345514260916,-0.84053461657351,-2.29565516204125
-0.11395285740851,0.641957240154103,0.748982076567266,-0.463012571231038,0.148905726710745,0.224005377340674,-0.19758525209829,-0.0451747512192878
3.02079881606291,0.841098259515083,4.08466471820955,1.08291394033534,2.31041899675768,1.6153383265277,1.06154449796636,2.10098167543534
-0.766837891390585,-1.06768168525767,0.846395931976406,-1.04642455847494,1.01996107096615,0.393502249553814,-0.593495419686408,-0.448382671246379
0.310667636667316,1.67621381664125,-0.398686710155363,1.58408851831705,0.835795326057927,0.825057546190515,0.885401558911857,0.35220947358383
0.768659537753528,-0.314599144398479,-0.0416677685035747,1.176014366843,-0.400026733164716,-0.0990281549119329,0.984253010990554,0.873674071436693
-2.34224484385709,-0.802334294681035,-3.06966211347221,-1.49201067866942,-0.567686553324207,-0.604823966885432,-3.11559841945914,-2.52577538278203
-1.65384968752173,-3.45081394057589,-1.43981872792592,-1.71803597935925,-1.65223244664081,-1.23142096639304,0.229879637041796,-1.8868024961322
-0.517568625981879,-0.781513342143844,-0.318971652236556,-0.811709083803204,-0.27404841156979,-0.035495234149163,-1.1330078262524,-0.359084453426667
-2.08959777956162,-2.08807928738108,-3.08595425745542,0.288690292801434,-0.299186613214521,-0.779853000649537,-0.280211502714345,-2.13093558572836
0.479084350867047,-1.53396250809811,1.04222130661375,0.663938354548343,0.160421944004191,-0.211734962152212,0.916466955959562,0.654560893213027
-1.68235353042776,-0.810273312240366,-3.20204437352961,0.27225393640382,-1.3057423159296,-0.404795953318235,-0.466069750839725,-1.6436874996659
1.0237069762697,-0.166822000605945,1.21838323166495,0.34713331985081,-0.0230452303248354,-0.372807126259182,0.596663624950196,0.868343012804588
0.744266197993663,2.77473416493694,2.34717066465567,0.837727738449157,0.335513755428687,0.00804763644516955,0.0175217033519235,1.08444332126672
2.35977334752937,2.70254141637917,2.25938789681695,0.43256190965899,0.920908875141687,0.861910679964677,0.50318560010395,2.35541652277345
0.158632578384656,0.678923320889042,-0.278824814793221,0.742304924961701,-0.0203103562367177,-0.239585843643275,0.38469353067419,0.699903086128708
1.65704485569947,1.04804952926345,0.608326020637734,1.19565007528614,0.895119854909445,0.77120339662036,1.16058536118564,1.63361534801939
0.216918297676637,0.972772831960556,-0.241024218294054,0.122355842966301,0.000289792361113031,0.219238200919805,0.251631191871452,0.0939293981658971
-1.95043358742318,-2.11626654411665,-0.757553232282988,-0.570847171390347,-0.453252108552303,-0.560067058978449,-1.00488211325456,-1.88049354875008
-0.0929795494711323,-0.100570759215278,0.0419961288276369,-0.292175477104291,-0.830944941969455,-0.386595028291524,-0.0539323182796923,-0.166629764487484
-0.0504616653840941,-0.367295884436774,0.542323694201287,0.534853642428865,0.0242377326551523,-0.0622382157410464,0.416471979141072,0.272641705581839
0.150004329174675,1.09749466006736,2.97632771863151,0.665508030980995,0.390643091062112,0.297722155578388,-0.87526383637579,0.180166117257415
1.80736418326529,1.37366798464176,1.76025805158939,0.66165223192224,1.52481909764927,0.983756573614716,0.877825129094955,1.78171319606273
-1.20254803388626,-2.76094686691329,-2.74937872392619,-0.702643171881851,-0.16604824484741,0.0887529897755426,-2.53408697598179,-1.37107565515786
-0.40275355401404,-0.160821667203775,1.1166521130987,0.0291630352034215,0.316963292186688,-0.156304758100542,0.428503054605387,0.224215855257312
1.91752516282107,1.22623436058568,1.06186656388334,-0.02517593037153,0.239641843265213,0.578623060189094,1.00327319197866,1.94534654319712
4.0875846203213,4.54346038383,2.74571849203315,2.25235552766238,1.30174176403449,1.58618725603279,1.32958516488168,2.58138268472016
-0.198434803937704,-1.50975321865055,0.308322836982347,-0.697826099637228,-0.316546527409415,-0.428325780978118,0.227472020863155,-0.262017817002262
-0.805307971691803,-0.190872586110625,0.886731583642166,0.688275902884591,-1.25937936266045,-0.860013360802518,0.379131622057071,-0.53455061283239
2.28758477039463,3.6738316571514,1.71832396695074,-0.337853940800911,0.561633119521446,0.911255530255816,1.01966114327926,1.97000012427898
-0.135156421846281,0.368434211145687,1.30074768195963,0.788529064369096,0.0711281244447254,0.0547960592759042,-0.322526146504086,0.246092588318147
-0.352663995883278,-0.751756788689259,1.59804237722919,0.23160635213622,1.08037968706326,0.749229394162998,-0.154975350098017,-0.139161654516414
-0.536206353300919,1.09959038453763,-0.814609050453973,-1.6801631522069,0.164669208791045,-0.545798686115555,-0.00829053004027609,-0.84858284471672
-1.02202298708476,-0.235694839485666,-1.3434527191227,0.911356731544276,-0.379929189257759,-0.568188422539173,0.244537470713905,-1.01424821855268
2.16107447842486,0.163681374637061,1.77748165657286,0.38991112734967,1.87677672021212,1.65638122666836,0.783522452243886,1.90321958503822
-0.445736630423679,-0.214782373282383,0.0206960131630971,-0.361299353172462,0.103662974831376,0.260207458416586,0.224579231588396,-0.227988493957103
0.961391454544276,2.73864947673598,0.733033510634476,1.84359135102798,1.01006621014788,1.00898371276602,-0.129210183802003,1.33073105855962
-0.923890700506182,0.681519968993473,-0.34948572864731,0.749977122219132,0.483047581292454,-0.526959234693787,0.16468980856095,-0.852285998759799
-1.65149596748532,-1.93248759065813,-2.8374906759336,-1.31428594657329,-0.487999572785451,-0.368295709688921,-1.02120694055058,-1.57257015708828
-0.85193171967679,-1.78927128998675,-1.84202270405988,-1.6073910703849,-0.40570861496147,-0.672282673457386,-1.11250433279924,-0.823976719212837
2.81728943987391,3.10973643598716,2.25789010924938,1.591560994512,2.42188339271667,1.83161996772042,1.41268687999334,2.38592946802703
-0.159011170771433,0.576864697610717,-0.244146226997791,0.471643892788117,-0.2033207934121,0.0181424389908542,0.761297583477022,-0.248133583292261
1.99415797929386,3.34922580829764,1.52026219605693,1.35648782546804,0.607921104118516,0.815685735726045,0.911037397936204,2.13688054969498
1.43196929514166,1.50195252387479,-0.0620885085671408,0.677715373549095,0.586290890870595,0.479654969736901,1.10864459725543,1.37634322684078
-0.656453514973937,-0.933471012568356,-3.44475553804307,0.116086210450082,-0.07181940704565,-0.171980595865405,0.022892019807981,-0.894027171822513
-1.47819035198783,-2.28537924666384,-1.40431302919989,-0.00475876031386049,-0.0566889594436983,-0.255061742931841,0.171378734589324,-1.71197770700412
0.415199961508938,-0.660412040358846,-0.176352052334035,1.38465943176592,-0.440944260406922,0.650245556357417,0.834810907128574,0.494403565431684
-0.0518938141727866,0.373206659256555,0.968199246090923,-1.07225621319317,-0.402987493714812,-0.451026249921094,0.110565203738218,0.421657012276164
0.875721132621948,0.0250693374249328,2.05058071862283,0.190059579230475,1.80909453664503,1.15807945972978,0.730089317330826,0.786058918862401
-0.861917742290143,-1.47755079711456,-1.79866423588696,-0.969494613791542,-0.49994020364309,-0.589504145968274,-0.0819170592938529,-0.986957193553876
0.234897711453674,-0.982092220768824,0.429392064357307,0.711874059230626,0.338848420385712,0.23481715602109,1.02633204586361,0.178712858112686
-1.80670939678641,-1.0307909474815,-1.21672263399668,-0.322263166162513,-1.13917235156198,-1.11723576951308,0.0381495795387383,-2.31419505859886
-0.744040386422261,-1.0647268408305,-1.30267593484348,-0.179953180076392,-0.910689682865576,-0.403636082598015,-1.07815743467629,-0.865683369920326
-0.439864286097954,1.04615320781499,-0.654168516620576,0.599021659347278,-0.11372151963501,-0.0790144387795124,0.927896993902096,-0.437451753670796
0.864868645338354,1.12554381050213,0.171200761909684,1.02626828279082,0.233187140839652,0.136280426940944,0.734705748727199,1.00358073877875
0.226677250806947,0.364300374154863,1.06122780723491,1.95199681073735,0.29130164604687,0.252006160815716,-0.0194388955610537,0.205763602407451
0.174039255728287,0.386425783654724,1.51086435010011,1.25806787847928,1.20243737422758,1.0060869221312,0.407350691813386,0.689744207994682
1.92416341911223,0.774745667833245,2.49421239445287,1.54517477308951,0.803895843700542,0.542828678560986,0.367453780738129,1.77142504440092
-1.39018028300129,0.724463062246702,-1.72505106496471,-1.68004095642846,-0.280734836508999,-0.226128849769545,-3.04376551195272,-1.72258919445633
1.01527356161179,1.96334428786914,0.90574799234185,0.840238339664062,0.452469112994821,0.187358445956137,0.350055095556788,0.866316893137365
1.80130603877222,1.39516060723437,0.971909961649365,0.934743736622567,0.360732826211448,-0.106747427100399,0.620656170592384,1.72251208284463
-1.14333770578258,-1.05192206862672,0.107868637106621,-0.300670055822294,-0.781552455293759,-0.795084840256159,-2.56767793623109,-0.950600495773397
0.107468687280098,3.64517882767438,2.58943065214164,-0.685001894595266,0.827009332091063,0.0762446112116977,0.66768736069892,0.425970130838347
-1.92265832605943,-0.756354708051961,-0.0603939090182115,-1.85745849678733,-0.98593094247256,-0.862317134489128,-0.499703954999507,-2.11293848000375
-2.17172621246506,-3.81155916335852,-3.96907884028696,-3.04564085266021,-1.44851298033357,-0.97347372735166,-0.980448102406156,-2.63887430220964
-3.1159275092641,-2.34419430611281,-2.90191991673724,-0.700991300058769,-0.874742670658207,-1.21510123612555,-1.19416169197341,-2.57788974321501
-0.549588071337767,0.474088789995555,-1.50630421557867,0.512331326010448,0.296704669590938,0.71997453137215,-0.854168322276876,-0.582113300903509
0.173069151829473,1.2088609322551,-1.64417327634215,-0.85676899147154,-0.290749373514238,-0.219710514470369,0.302019021975843,0.494973302749173
-0.564316672095961,1.82006350757929,-0.960221917735785,-1.04999827818146,-0.426059264706419,-0.390853809366252,0.473974831613312,-0.322323739433959
-0.282427687491852,0.386872500066954,-0.977853132048148,-0.150518398414863,0.0555533785661861,0.262101445772653,-0.00364879215979821,-0.347512822894987
0.256352096678598,0.940708564132002,0.928241233692082,1.34731237379222,0.285720781811866,0.160045168082637,0.622231617630164,0.968703906234106
-2.31571973310751,-3.28508857942168,-1.31043566655682,-0.741008784624638,-0.968830234630106,-0.824487010878399,-0.969844412771913,-2.34107403061027
-2.04105424438187,-3.06490179144338,-2.2728591417438,-0.415340562298323,-0.76916215671995,-0.855915268931617,-0.614193395438983,-2.05510188511437
1.60117723164603,2.50613315015631,0.750602002122207,1.43028329587878,0.915345829125226,0.67342677430166,-0.0381524573226618,1.48572205223617
-2.54803272488533,-0.569841839367288,-1.64659791692889,-0.793625337344498,-1.0662793696622,-1.1471396806422,-3.187878490985,-1.95078909581053
2.00483032342536,1.68935715972642,2.08663850902305,2.22867314579647,1.29867022373079,0.681429163747777,1.33838288168803,1.97298406115591
0.415000111106495,0.824105114620338,0.495687194889588,1.25385328190923,-0.0105661257425701,0.168949628780153,0.999104699739937,0.397651609624835
0.887104744518674,2.33808644637155,0.665189315073645,0.445574285752734,0.727972129017623,0.760925439120951,0.950945377177666,1.34295651044321
2.12601762467506,1.52419227033135,3.21351612231006,0.517055869570283,1.11098005579205,0.804220401388122,1.38179982890356,2.24422025398952
-1.57544214752299,-1.94845528214899,-1.76473123829605,1.56301418458298,-0.200090108028453,-0.119106972518389,-3.11122621787845,-1.7425620511278
-2.87547105298359,-3.58709802432714,-1.47808247682964,-2.61377370633891,-1.1159101508999,-0.622782449912325,-1.00538888810214,-2.95301543648632
0.905017736788488,-0.299696963225722,2.98635232696226,-1.69558819172041,-0.290252688139099,-0.40663804708068,0.625787343710619,1.42455933065438
-0.145003888908593,-1.69785985891313,0.446712965222219,2.21160471495121,-0.458525539530718,0.175527186083742,0.926148362251778,-0.147661207647468
-1.24703046435348,1.38910537717108,0.812698290942856,-0.916404350441459,-0.510740582970408,-0.148037315898438,-3.09240595178417,-0.984582513281993
1.42316869337685,1.33699181466937,1.28960584273525,0.713415548377947,0.713084759055733,0.606462377341512,1.1688852220096,1.44878864798686
2.26844231178503,2.28125849552007,1.65502191926933,2.93815006075793,1.93423738180552,1.58196149917115,-0.541475725699372,1.89224851258908
1.07112199346626,1.81886812287837,2.62164332883928,-0.259823584767114,0.21104196324064,-0.0472700605658139,1.02677055338163,1.34124690892371
1.37811622534947,0.898214215316466,2.20642115927974,-0.325383500633626,-0.080438049545768,0.212876644447188,0.578377994327963,1.47397384027259
3.23833808255529,0.440603908807373,1.26222629916451,1.90103256489926,1.10100749463107,0.699407191879129,0.194586144245325,2.10799831994899
-0.345834760563449,0.493413830936634,-0.486649904741372,-1.02240743138836,0.101725239579454,-0.0784504864183826,-0.322944144818941,-0.50965578490523
-1.63243463846889,-0.759224127972787,-0.746998392491459,-0.03030379166647,0.40059514773236,0.245347041886607,0.0352749251801818,-1.82084980921298
-1.72960924752562,-3.81737007565801,-3.72572901410465,-0.675714294387716,-0.638895528450413,-0.416034999756409,0.233366623392475,-1.96288476958965
0.988311864281534,0.309998338523554,1.20270979394322,-1.16559011935562,-0.173414809602151,-0.10199592140674,0.610452943786812,1.12892826488128
-0.202806071789769,-1.68121468732195,-1.85057181257725,-0.40362094418799,-0.945454402416514,-0.425351334631226,1.28173429975365,-0.117781961880256
-0.8794527615183,-2.55394551816057,-1.13181850563815,-0.70383612623986,-0.573571916351976,0.135306463432838,0.710090386258135,-1.10900678163641
-0.724753887237551,0.50317118674634,-0.553409767821359,-1.55158033590746,0.01382323109374,0.164391911746779,-0.530791816494628,-0.667578916532969
-0.624064999567443,-1.09179803518643,-0.68400633471261,-0.797521804670642,-0.542228961283734,-0.419172508197707,-0.170235059785334,-1.04322911700371
0.928107207496123,1.95142035249305,1.90686014236591,0.361054820944418,-0.13795756566979,0.0695080201353481,0.427153495856112,1.09528693779139
-0.0944633644556059,1.72598125381831,-1.50167253914768,-0.667642850398459,-0.068224305561211,-0.00443197000528362,1.15469257530956,0.0846522408368363
-0.804438395212127,-1.33323988002986,0.526881924247078,-0.869974431022164,-0.251838918729779,-0.634543533353184,0.37231305307028,-0.762630082241574
1.16371982791359,0.841905613075861,2.6035884687657,1.95252124636124,1.09398003819056,1.1344647396292,1.00440747517866,1.46171648748807
-1.31528565275308,-0.45306594439798,-0.654022656226848,-0.777532674778862,-0.572534005698198,-0.843044924100462,-3.17356685589846,-1.02071104492362
0.156846225812335,0.609232021385798,1.10775313561117,-0.520479761165163,0.273186675259688,0.0976485843029557,0.806192493589675,0.423590873936832
-1.5221612717717,-1.56722772328128,-0.852917546971072,-0.370442355851287,-0.801561372690646,-0.53178872052351,-0.953861709714439,-1.74154894486427
-1.5233258265342,-0.758628021007448,-1.65633545538131,0.627755647778074,-0.37444236810346,0.256127100161729,-2.52882068951949,-1.3970777922492
-1.99903211511328,-3.04129653535553,-1.81030171957895,0.541635522101888,-0.916286362145806,-1.06021327626195,-1.14955726004278,-1.88305159355111
-1.56316210553863,-1.85584725916487,-2.32062249635799,-0.847573196766727,-0.765180593376153,-0.726840913741976,-1.0206492121384,-1.78004607349175
0.339835743934693,0.815755615150204,0.60116932684148,0.576605540155221,1.01548911581673,1.26546101474988,-0.976187225716945,0.603293943614709
0.813601298277502,2.37060438824953,1.10988475253092,-0.196694744404965,0.268506973736054,0.370620443362297,0.269591171568997,1.25995740311927
-0.937632324994589,1.64020231310919,-1.88088127644986,-2.00108942431672,-0.696841319012648,-0.937759351563062,0.699588495952933,-0.80683458230046
1.17055458186844,0.471495388470295,0.785665772365398,-0.284736735032463,-0.273377119951738,-0.468654038788911,1.36011107461794,1.47706831648488
1.57847902987353,-0.226185659845279,1.81350045204358,1.06663724817675,0.981891609159512,0.387521709127434,1.0654016929487,1.38382532960104
-0.860750424612674,-2.891154402834,-0.344234149305097,-0.694080553021646,0.437688151510336,0.191956317492187,-1.26717226988424,-0.777646784834722
1.4682800600965,2.15762462498441,0.22240098377331,1.3837271580041,0.726186476078547,0.981968441807952,0.818749219230656,1.62025758877695
1.27097518051706,0.608670405812608,2.25790388736199,1.02848144481084,-0.366587703530481,0.0593554434461416,1.1136983747617,1.29834896536243
0.13932602857412,0.561373606157062,0.930802725840792,0.00249386165494797,0.367296018137414,-0.193503895022325,0.590616535134855,0.399363716430091
-1.27222611863912,0.781719828911531,-0.799323025950124,-0.922240998654536,-0.431968792287994,-0.546596037399376,0.310934713994928,-1.06154584327772
-0.938418566332277,-1.47097283327548,0.171717480437058,0.208664491028195,-0.625642683904817,-0.602021293505931,-2.40507815676135,-0.612169053324428
-0.417230244944152,-0.917184140319599,-1.42154114084823,0.257647265667759,0.231964957841711,0.112522912405276,0.721563579778766,-0.396130849359187
0.550511970440021,-0.0526836841515292,2.13986967143459,1.15172533142302,0.699168205726457,0.982812060558506,0.409244961180091,1.03960100637639
0.0948695281932053,0.213355583265737,-0.778408763905187,1.01060563272831,1.04416806472813,1.00458250901743,1.13622131934835,0.435537333659537
-0.980447333541722,-1.68592046239752,-1.11000836475951,-1.12842151387647,-0.0188920021918683,0.698757838057069,-3.09543264056793,-0.72373454667754
0.753397531512071,2.08810422814017,1.64650814041843,0.816497707357738,0.223922057131353,0.242169909524609,0.518631102389587,1.06495726779134
-1.96479804194792,-1.70225518871478,-1.63537792993091,-2.65941843508933,-1.27323880742275,-1.57769129621569,-1.28941220736374,-2.15613309916848
-0.732228800639685,-2.33831981077478,0.339914150089387,0.736360609180328,0.193124664807114,0.127993059884182,0.185920766828035,-0.593322727953842
0.625955002110097,-0.487573387018305,0.941759776407523,-1.16480529162558,-0.0899669683464846,-0.251049861411931,0.077512496481783,0.692704955685478
0.62940913213829,1.21401429652598,0.74845612048188,-0.133193930456969,0.0330824016752982,0.755881238318527,0.903180240467455,0.951619859679633
2.68767832193958,3.99002609512512,2.94270324574141,1.42968769124613,1.16693280868079,1.1400500915692,0.911483751959056,1.83968383063815
-1.9667481151152,-3.09228589738843,-1.50260651428011,-0.121487356799429,-0.400467298792999,-0.318114023977189,-0.602630993364077,-1.98399256884482
3.1978268008537,2.64560514022439,3.83047105205825,1.39664337967118,1.20112318654988,1.3642009852202,1.37191009417415,2.28152101320131
2.0039929615667,0.488819229942485,2.45908007369777,0.911704708769165,0.425331499845315,0.554016688987044,1.19361546847759,1.87484414241683
-0.344035169960791,0.444595594564056,2.31594671268041,-2.10562744577292,-1.15400705497421,-1.50515085739003,-1.0973610845202,-0.129439563388118
1.95371550127134,0.766678293077643,1.67883194189342,1.30082076617966,1.29118749777832,1.03628444753132,1.27327789186324,1.6973688472105
-1.74651876554222,-1.874856448013,-0.526003857087189,-1.81329419784416,-0.978746590792292,-1.00523748773139,-0.999819995405161,-2.26319308258788
0.158643746626109,-0.125081235524283,1.64429728633804,-0.55394154703979,-0.291837698655443,-0.0235683450485838,-0.995529335975582,0.153970945389364
0.429206711067981,-0.0642612631391219,0.649328876198496,1.22310122850217,0.446616631577348,0.954371499796153,1.10233964716234,0.619237002077591
0.523909213802988,-0.575535853302415,-0.658437131020691,0.0919260924621381,0.24128244086242,0.279494185021135,0.721814214132134,0.532342906086466
-1.41188291291779,0.374178881800663,1.11696010564689,-2.07205547945447,-1.19568636729052,-0.835961860291949,0.168011034782213,-1.37152517511995
-1.65591575947733,-1.27257259134236,-0.308879949040704,-0.739959658477697,-0.955220908667706,-1.29883072570733,0.879450718128296,-1.47235556262991
1.28999505879435,0.487561606051999,1.12562782076288,1.56136368026974,0.705088268533216,0.508474806780583,1.11498506442827,1.53585192466663
0.838283186044485,1.47184005688705,1.44447922028388,0.517632873167214,1.0541440857398,0.40779077977117,0.0986863558785609,1.27463048583465
0.167192995380201,2.49350676878671,-0.244704999320459,0.448531832048248,0.347909570933284,-0.00723700160969272,-0.406774203112054,0.288976119575597
-1.18460696505747,-1.66099568592439,-0.17627101532114,-1.39183651552166,-0.794269105973469,-0.683394725691419,0.507957364237052,-1.2283158147527
-2.44595418724416,-4.09995782648857,-0.94780771886857,-1.66732043489851,-1.34826029984862,-1.25934346440914,-1.16656251293482,-2.13227989416127
-0.473535381644087,0.0378232869236095,-1.53732637343045,-0.872258096786062,-0.646210596349534,-0.0514911546483073,0.213808586501409,-0.713254272003159
1.1485264992779,-0.13355598585668,2.01342239025762,-1.88142514292562,-0.439652740091675,0.315823087406493,0.490516843354468,1.06454480457553
0.604047660308168,0.304731925366816,2.54050581530155,-0.281357117515627,0.188422226620844,-0.186310251801198,0.0846310716107625,0.595842928568034
1.23433227586145,0.415054501874081,1.11317782016511,1.85671719501621,0.846475263873011,0.699596584824552,0.637161612179995,1.40123819231767
2.64152107521835,0.398731120862567,3.1318518175452,1.15372921564365,1.61643416000092,0.613122619319443,0.995549346507356,2.16964932220235
1.39070527689813,0.852598582865547,0.8127362446379,0.73439991189729,0.0225548472503392,0.0273956599213071,-0.181087715408068,1.06308753245819
-0.344849557236344,-0.449335629682185,-0.945092330121157,0.692471158074606,-0.20389927914735,0.199473320486755,0.173340589877217,-0.050856659656816
-1.8712118962257,-1.22205293737384,-1.62040454159228,-0.337927037954313,-0.576738936124553,-0.753304906361013,-0.0703407098256581,-1.99950080773249
0.568360031912577,1.19625408299656,-1.42025923868717,0.000788695380616988,0.192637353834648,0.336398763870018,-3.15129044717595,0.481493475276504
1.53467765665027,2.74631521170577,1.51922693063512,1.05132163431565,0.602770598082244,0.854316867925511,-0.0132680046036159,1.55467680645614
-2.20139955650943,-4.86384728639961,-3.27845752850554,-0.962829206231878,-2.31906727796622,-1.6757194780976,-1.13797705216299,-2.63385335079457
0.0228148773269845,0.154438831177085,0.806438826644991,-0.313989470909855,-0.878316213280264,-0.937759480365583,0.444737315567782,0.386277366251153
0.15469028279841,0.702803039894116,-0.495440564859923,0.691058560528811,0.785812437372279,0.566424288228908,1.10218968303317,0.483890237668504
1.7101741906333,2.39243077225789,1.87061213069084,-0.681905335330551,0.665403519031032,0.656907530649156,1.22129800000062,1.5093228348914
2.4040167250889,1.77863908559177,4.15323091055104,0.783547465523958,0.745673449826889,0.952390875173448,1.05024100722273,2.17720722764806
0.461858671042994,1.26904978673792,1.69372745494181,1.10990949491769,0.668261873463387,0.703481735685388,1.15591650296939,0.547815166635578
0.582245880779128,1.12090812024835,1.43088428163743,-1.23836079431407,-0.577175891006994,-0.796425383726471,0.079844009968358,0.688549001608225
1.97882351917607,2.65114763571788,1.31108697050463,1.12460521255926,1.25144494988204,0.978755217966898,0.521791575513692,1.5121021486669
-0.0625157424009084,-2.51234304449282,-0.357681778364051,-0.688831465632345,-0.183819955726812,-0.105851445085496,1.1146796688469,0.375166316441055
1.34761555993186,1.29918289319463,2.30440846204933,-0.74313102297649,0.622158347066898,0.531958355388152,0.18710717008497,1.45325889372608
0.138777039805069,1.96094770215891,1.51644962418862,0.691989233508868,0.395539532064083,-0.0323781840499814,0.375057048027081,0.321406610203812
-0.771391582326437,-2.35480522617794,-1.5830114370835,-0.861145267711172,-0.360835993047138,-0.214744063615813,0.0514988456173123,-0.764526559985815
-1.62966272565918,-2.49994844618237,-1.75275628317462,-0.473963578926025,-0.931842559678166,-0.589154046022491,-1.40056261175203,-1.53912357551867
-0.795033429964331,0.876987339351996,0.453998014149498,-1.02375971201948,-1.15756820730763,-0.642605986322963,-0.458183702047505,-0.915001343456732
-0.720573375040281,-1.03543043417022,0.170558787141092,-0.649536013321087,0.0965058154958871,0.216937814480519,0.294312752363581,-0.751138404562618
-0.020013478312277,-0.248385440377344,-0.199967623577217,0.472350500949272,-0.100038973311249,-0.254604214610998,0.238004676988326,-0.149051836391594
1.16881416187142,2.0414893938575,2.49388087629812,1.5420364845878,0.599521899965146,0.147353761667451,1.06115260435746,1.27298256653432
-1.31276827517487,-3.41739044996192,-0.955079597568425,-0.168932016540752,-1.30560334799274,-0.849146265368338,-0.516846814563211,-1.4028805937359
-0.98539310609656,-2.19637784514592,-0.875688140250392,-1.43757207266375,-0.395583530078532,-0.593136928532109,0.645565346710106,-0.827632574014267
-0.154399917881444,-0.990588167020455,-0.309054352580175,-0.82532146567899,-1.051435359495,-0.842779612614101,0.0668444918831997,0.407666040323972
-0.343011588132483,0.230749064701462,-0.372648082470048,0.95549586564966,0.255473753368297,-0.0463588984140642,-2.54381460314308,0.441379323655723
0.061102493120468,1.90003671731098,-0.166825749574096,-0.747791466352245,1.08595656516558,0.368707444868669,1.22114374397637,0.395016219503747
-0.381782659611185,-0.0542640128932313,-0.539844156634976,-0.101159380896798,-0.660203034626389,-0.425583574135296,-3.04524193667012,-0.617591482207353
-1.20933354781198,0.144789568723878,-0.5097848318539,-0.292768993898879,-0.590886201122511,0.0240589691526117,-0.727086030784175,-1.20218263444734
-1.7138554498975,-1.92509836626353,-1.09445927870273,-3.6796788037942,-1.46335476085134,-1.17211249376802,-1.02216592079895,-1.75463837274398
-1.24050970564359,-1.94041127438758,-1.59707001953756,-0.753241982919272,0.110106207267677,-0.130234615773348,0.291056356368285,-1.00024700215546
-2.20719814655126,-1.69974007385958,-2.78695816906122,-0.413178053733008,0.186298614284399,-0.0596509046684069,-0.166158116024703,-1.95724869862956
0.915427786846188,-0.154144665603404,2.24670932861707,0.410469546561236,0.120986079190538,0.292448604761955,0.235627154600602,0.722815080205628
0.477685568296329,1.66119538086178,0.110970260879915,1.2536826022996,1.10068011628404,0.456544699024916,-3.02838604763469,0.880446153612359
0.722615025999918,0.835340438899027,0.688284322097262,-1.28444389052599,0.30511129374161,0.125221259017108,1.22087626332475,1.1846584785531
0.396377504581319,-0.0302446121983529,-0.273995657546035,0.280006822422896,0.11735885208129,0.629802920347345,0.890358900867764,0.163638942645229
0.474167886406898,1.02637472457303,1.02889514776778,0.619916021221244,0.355638835276183,0.0843437783125189,0.851183840666676,0.681338940499133
-0.279614962898427,-1.34172661858622,-0.87423437449002,0.235800242693135,-0.963533778252977,-0.513632467264025,-0.00391798046464002,-0.225093361463822
-0.805971367274744,-1.49601234596592,1.16391411460522,-0.697857189909526,0.220547720420161,-0.192603954067166,0.329973093782431,-0.875817354508303
-0.543877348866546,-0.507133687576064,0.0481134688731082,-0.17135439525915,0.190130073697342,0.287373847842016,0.161477688802403,-0.697656635964833
1.24840866922742,1.57457701138808,1.12416320906306,1.40075164497686,0.626558352019052,0.387752463395826,0.133281952061797,1.64316738128772
1.92154369237689,1.08587890728431,1.71499046025893,1.30188046071146,0.650086418770131,0.563742143149637,0.998231033278274,1.71614280376014
0.83906958884213,-0.885131174359335,0.818434998956073,1.37042231167919,0.137014056014095,0.283340646455674,-0.4414307304527,1.20375627963877
2.78751445700361,3.25431415895484,1.81466584468073,0.786327639737044,1.34007732651869,1.29010006568113,1.35016510550669,2.2462143511987
-2.52617781893965,-3.1971928960743,-0.881823854060894,-1.36344838636818,-0.731816478461738,-0.798219471765397,-1.10300516753735,-2.15778267379226
-2.86794344066396,-1.2749231690465,-3.28953162089568,-1.99548636247233,-0.0456359469804989,-0.957278764810895,-2.5525778982952,-2.99084811125729
0.57325851760958,1.40031991752087,-0.161812546434149,1.56525024683366,-0.828982456168638,0.14221250778175,-0.510655982965774,0.880905493116598
0.861353629992491,0.422952372561956,3.22206346575222,0.807832771470094,0.501679425193296,0.777005656950683,0.0836316288128459,1.30963245377114
-2.43855359701316,-2.77152697380009,-4.21802349253896,1.21354089498235,-0.441613415628303,-0.633147820177134,-0.886528093501836,-2.63898796614197
-1.13314527170308,-0.222572357631251,-0.771492300227812,-1.46200303812572,-1.14711981368525,-0.845142950657643,-0.928365051252335,-1.31459735011659
-1.18412007391766,-1.8365036344857,-1.54283072988237,-0.124686651547572,-0.0416731677321178,-0.458789046697466,-0.0367055895783743,-1.52809619440346
-0.96781761439916,-0.961876492440564,-0.538559462465467,-1.04376169399439,-0.275121428708103,-0.345377860980986,0.049273937954397,-1.06494585789005
-1.78980860153079,-1.92296596088718,-0.805923905999567,-1.60586475038416,-0.912902093404546,-0.794589871137214,0.0821890168461404,-1.82472125107029
-1.93727493603979,-1.91630940329911,-0.934428683738962,0.181359845541419,-1.42799826527741,-1.05946222591671,0.00745639917776361,-2.02713339004855
-1.6613215647651,-3.68396501340185,-2.17713141554041,0.3375347475724,-2.12500005343868,-1.68367800387551,0.244473627322215,-2.35406740947287
1.39533875321812,0.287996742863099,-0.0457440387959563,0.359914784835144,0.338829503441304,1.03734106291471,0.911149016177231,1.22643538022199
-0.208352006325159,0.909676226554698,0.0591111027176905,0.658327537355069,-0.00243766178749844,-0.0526240695986115,0.235986138137724,0.0990202110734858
1.13539888773866,0.616478640350057,1.50516058766595,0.996512916462814,0.888441012230236,0.84053022697403,1.18440444245294,1.53580385693866
1.90655090809977,2.09797041750985,2.2940896921797,1.05459947169346,0.894898162706511,0.38608385730861,0.963099950210379,1.93902079396642
2.73013856637641,3.17431175570178,1.2427417065256,1.52201125313652,0.766346338212898,1.05249534510542,1.34682533226245,2.20610419808006
0.161434992549262,1.61986394383718,-3.12398600426784,0.835205288717935,0.241233014819373,-0.367856773240898,-0.0141397443400694,0.285055310251489
-0.680366927082391,0.421399966332507,-0.647622005051535,-1.3124989353459,-0.173445108836875,0.0516789290301242,0.0945966065186806,-0.438737451522917
0.156473490516874,-0.687558760390684,0.342849158809104,-0.872258096786062,-0.748068107866011,-0.159888492702459,0.478372697060878,0.379346836770171
-1.96026736479872,-2.95981166516114,-0.74542673026819,-2.13104880901048,-1.40853487608667,-1.19791692640563,-1.17151229201837,-1.96743415444028
1.85868539086995,5.02407721462055,0.698580207314463,0.727129303044004,0.396022051000466,0.851098772026279,0.462277555204793,1.78331886073514
-2.75242192974006,-3.44370576988098,-2.02663479184419,-1.50807758423342,-0.477037846260035,-0.526388869146693,-1.12717233511035,-2.70089136139173
0.920707353965309,0.567434404809739,1.69704076961817,2.10404199734269,1.80878676002742,1.20387983221402,0.975721843902262,1.26096088152489
-0.734064861170351,-1.83338897950253,-0.261504352888834,0.795101820763782,-0.0553994364895206,-0.130081070167326,1.10760009916759,-0.636534733895299
1.16053392274187,-1.75877955925875,0.608167784682298,1.09422889589249,1.57222064522953,1.26482139075941,0.159228189991243,0.937226578866553
1.47987809257276,1.94435712649558,1.86985566645373,2.31442810041605,0.692145011372666,1.17184409892791,0.740424389404137,1.67525880480309
1.98637292219187,0.443316103776738,1.81577761903174,0.225314087517266,-0.609825275713864,-0.548607743719182,0.4204844876906,2.12618024918768
0.0211813054606311,0.408309059300699,1.5939260104389,-0.851495283717095,0.0544317896443603,0.0847711367512308,0.128636438101438,0.622863868845444
0.482643814824589,-0.0508119854638169,1.01789369731596,0.192308875615018,1.10603813185507,0.794611965277268,-0.547659406568011,0.687775777779552
-0.0214418564137973,-0.0386044875258937,0.16399904313445,-0.178689970373309,0.0167039019535497,0.0741628427339536,1.06798483788315,-0.188667988864375
0.306041968848486,0.785023625992758,2.01232656392865,0.282651222440719,0.288730425809978,0.18341963910476,-0.194209502522679,0.328065550266706
0.615263602173405,1.50365668757871,0.901411253292994,1.1841328436565,0.205232428862496,0.23827156519024,0.435963500853258,0.998351888593895
-0.305653910272416,-0.98181643938029,-0.7081666456555,-1.72510707264732,-0.464930547550177,-0.414945939173292,-0.211606136155789,-0.611837733483394
-2.45182054095522,-3.03828643324949,-2.2132367219466,-2.06520812797785,-1.42121409113697,-0.918856674655167,-1.01298464363976,-2.74300654696353
0.801292810858551,0.334284133781947,1.18506206652387,1.44297818039609,0.618969687280099,0.719549851640282,1.08363159586193,1.06849855552724
1.64390926900347,2.03008273400438,1.87057368919839,2.69408029366577,0.665999514748771,0.454952948328343,-0.787731071112348,1.72353003986031
-1.5876727234658,-3.68539204684548,-2.9201528463281,-0.356085868744273,0.00363487612191772,0.199785729985225,0.0443492047481003,-2.22179731406787
-0.207458804397277,-0.218755448624724,0.340194883412542,1.04038591047612,0.159825562375652,-0.1138880121475,0.123434953828829,0.0333663961474861
-1.74510502889917,-1.76390384978006,-2.52264396799094,-0.325500583127264,-0.873214826496752,-1.10989261912047,-0.446074578985239,-2.13151017228163
1.41983709458498,1.59188358652884,2.16262733386365,1.80802575490437,1.40907796090733,0.793458327419505,1.22865083419984,1.51426743742592
2.09621182819822,2.05048385713022,1.96120357828647,1.03754916873099,0.101347897818749,0.365379757167233,1.24160887723007,2.11382885423689
0.251366544136539,0.356452856869991,-0.438870683628606,1.01961379085524,0.400574132299598,0.534481672465772,0.158246174090635,0.310630753104357
1.05141499105007,-0.301780346701067,1.66951932057178,-1.23151777042964,-0.30770655540293,0.181092841211635,1.09548580430581,0.98448474926429
0.717956387249859,1.72786563867443,-0.228597506568728,0.145645331530957,0.324706214158502,0.606406173088849,0.343538316389358,0.862465979740581
1.88202476287535,1.92969711169357,2.53638402480638,-0.131045129379062,-0.209105129606804,0.175603311613837,1.13323188230829,1.3616450415082
-0.928547211765733,-2.78815681345434,-1.8405944181458,0.624251258758146,0.0332889463987815,0.130706005741362,-1.27791967003699,-1.12338164490051
0.36429000493887,1.56162516867496,-0.352807998165973,1.70113146118858,0.245640556907722,0.269258761746799,0.100171916204229,0.965237803507976
1.40646321437961,0.456692119022249,1.5528443148904,1.93305291856393,0.19213567698852,0.551364549327289,1.18346347780482,1.51208053613643
1.6120539899081,3.98540873385337,1.88618622559018,0.259692048763405,1.24814557372442,0.696810954688885,0.421647002050505,1.84783301365623
-0.886875821945742,-0.213315807300946,-2.62506369159731,0.957314731997412,-0.647231182106247,-0.232331239170485,1.00860014435892,-1.06269918789831
1.90277607085965,1.01850443811925,1.66239916171561,0.176299669945741,-0.201173751153009,-0.145283863810617,1.13594169574112,1.85091651738064
3.11967187119032,3.68566043587246,3.09581464315825,1.0867232416194,1.45275163039896,1.14267227157515,1.31784459434325,2.39764981790255
-2.28358001993986,-2.48329985417059,-1.80461516516138,-0.864498378262253,-0.847898509895584,-0.913209121217387,-0.903559982579071,-2.26837787775972
0.786888793594419,1.99250872932135,1.96828820985235,0.729763610992285,-0.105673559628915,-0.0589906324365807,0.744826731172493,1.13629169086136
1.01426134497083,0.936188580797268,1.77035282852522,2.49672766350692,0.560739398755199,0.245400063902046,-0.320919917865082,1.08451786025207
-0.398839640110683,-1.79822223376073,-0.887017414850457,0.774632350018901,-0.89055448575544,-1.07453510597505,-0.784712407723667,-0.817783297672083
1.67056308425796,1.98289455532802,1.30060258236878,0.242857404845757,0.522160472576302,0.0440291390256912,0.640582900817219,1.12510988611582
-0.702146951873514,0.393301006823147,-0.390659639010897,-0.60859123518233,-0.873842836713644,-0.877978914104945,0.304199536843188,-0.455795021634047
0.0828576283264572,2.75726512187909,0.203469766839077,-0.376272027823538,-0.17881509644482,-0.724250620297693,-0.226698520786297,-0.211681007965315
-0.566777015200543,0.627512417733227,-1.70000186595345,-2.00108942431672,-0.599394288719374,-0.773912219993939,0.483760324603017,-0.16264349745874
-0.348612738437336,-1.39332444501519,-0.200881804104709,0.659745785917696,0.631429727881611,0.408977442075136,0.195779929658216,-0.209390309516225
-0.982125091208901,-2.70418558525424,-0.483121573113571,-1.64973471904606,-1.30836613719002,-1.25799618807533,-1.04884658687205,-1.17347021350957
0.58195191651514,0.52915291537609,0.834072275551901,0.884823106239525,1.26327543775878,0.553251113371038,0.713190481120692,0.820801113105489
-1.16479359405115,-1.36459487576179,-0.365146898247849,-0.6608028298393,-0.912588971094486,-1.11847788778329,-0.450085219273857,-1.12707393453139
-0.840227682294284,-1.48951886235748,-1.42778138639236,-0.0922386457104305,-0.816241165167581,-0.605317093613516,0.297841098527042,-0.67223696306387
0.648093713327568,0.564163934528615,0.324624761054898,0.119984801372753,0.654982282827043,0.0293312507235527,1.01447606961857,0.842390198056216
-0.433658994715662,-1.01165551900385,-0.458621045132454,-1.74396990472005,-0.742285252004124,-1.11479444075025,1.00218947860778,-0.261636303931774
-3.46392566594828,-4.1942407111081,-4.68147119889892,-2.43545006998496,-0.848925664393292,-0.593015755948026,-2.43865461179718,-3.2823946953657
-0.80879607898493,-0.915493812739868,-2.335439092251,-1.0381404652508,-1.05494163774095,-1.03948503860123,-1.00450195201391,-1.16010328439521
-1.15350161256196,-1.19564385341513,-1.50846382118198,0.00358517822087745,-0.111380514371464,0.0980430374718188,0.780743836777571,-1.16534995877306
1.04946900251435,1.31785439472629,1.12417900743868,1.00699674071437,1.50070274973893,1.09293919990885,0.989222595639351,1.11542314683116
2.27610526387342,2.30001790141559,1.08136016897704,2.10093893812078,1.75087426880817,1.66886607295712,1.34517735333306,2.04948581772577
0.466644375506763,0.692072609873186,0.738820065807869,0.248167127140748,-0.146136997299959,0.286794145758219,-0.98214396155233,0.635386347020856
-0.458898764100053,-0.81361646376257,-0.395434007228103,0.105320650986192,0.106582032736327,-0.376400317243439,0.00136180632594195,-0.801102141536148
-0.954876691064374,-0.447908145749329,-1.39769475695881,1.3288797700769,-0.314717630074803,-0.299426223069852,-0.431155758406562,-1.24085194627792
2.1341017436533,2.8270868596943,-0.636935157786962,-0.310720443490665,0.508242879850865,0.476362702524065,1.37407063866555,1.91268610977444
-2.93168427477199,-4.27299478866286,-3.16688458918986,-1.49714831250289,-2.03244286035369,-1.55163046410282,-1.33145813758803,-2.63168403930481
1.01060883237853,2.13736153424241,0.832609213968158,0.692471158074606,1.10579195097338,1.08289108590328,0.738272001145006,1.02239641753017
2.34546588702568,2.06782957666069,2.40027568780447,1.53814734688889,2.09588877625961,1.83439890530713,0.375802390726552,2.06778168422427
1.05332364281684,3.36276352318046,3.04643224535166,0.933497751828988,0.481022122805618,0.31768116123492,0.455667246856867,1.6702145134539
-1.88754658294516,-1.68265532542481,-3.04814850157101,1.73914664296524,0.163648270566388,0.909917363978339,-1.03588672933884,-1.99802960813423
3.42795996296514,2.36201100986929,1.66239689723153,1.63013517602203,0.891546082808901,0.774411511786641,1.09187689478946,2.39134160520741
